{
    "states": [
        "Q0", 
        "Q1", 
        "Q2", 
        "Q3", 
        "Q4"
    ], 
    "final_states": [
        "Q2", 
        "Q4"
    ], 
    "letters": [
        "1"
    ], 
    "start_states": [
        "Q0"
    ], 
    "transition_matrix": [
        [
            "Q0", 
            "$", 
            "Q1"
        ], 
        [
            "Q0", 
            "$", 
            "Q3"
        ], 
        [
            "Q1", 
            "1", 
            "Q2"
        ], 
        [
            "Q3", 
            "1", 
            "Q4"
        ]
    ]
}